{
    "model_name": "VijayRam1812/content-classifier-roberta",
    "num_samples": 3780,
    "num_positive_samples": 1890,
    "num_negative_samples": 1890,
    "precision_recall_auc": 0.9810085901391982,
    "roc_auc": 0.9832933008594386,
    "fpr_at_95_tpr": 0.054497354497354496,
    "fpr_at_90_tpr": 0.03439153439153439,
    "accuracy": 0.9465608465608466,
    "precision": 0.9475079533404029,
    "recall": 0.9455026455026455,
    "f1_score": 0.9465042372881356
}